id,first_name,last_name,email
1,Gloria,Serrato,aurelio34@example.org
2,Elvia,Contreras,arredondofelipe@example.com
3,Santiago,Beltrán,opedroza@example.net
4,Eloisa,Olivo,ppabon@example.org
5,Vanesa,Adame,pizarroestefania@example.org
6,Norma,Rivera,valdesfelix@example.org
7,María Eugenia,Cepeda,jtamez@example.net
8,Ilse,Quintero,culibarri@example.org
9,Martín,Rascón,fernando48@example.com
10,Socorro,Griego,marcos14@example.org
11,Georgina,Meza,paola12@example.org
12,Esther,Olivera,ernestobarela@example.com
13,Lorenzo,Menéndez,dpelayo@example.org
14,Lucía,Ordóñez,velasquezjuan@example.com
15,Abraham,Mora,julio68@example.net
16,Patricio,Zavala,micaelagaona@example.com
17,Marco Antonio,Ruelas,ordonezivan@example.net
18,Leticia,de Jesús,ncavazos@example.net
19,Aldonza,Orta,botellotrinidad@example.com
20,Celia,Riojas,amadorhurtado@example.com
21,Itzel,Galarza,vmena@example.com
22,Germán,Pérez,ariadna70@example.net
23,Paola,Ávila,esparta10@example.org
24,Fernando,Feliciano,corralevelio@example.org
25,Mario,Carrero,marthahidalgo@example.com
26,Daniela,Zelaya,davilahugo@example.org
27,Ricardo,Alvarez,rene66@example.net
28,Elvia,Benítez,benjaminmadera@example.net
29,Ruby,Casárez,montenegrooscar@example.com
30,Virginia,Nevárez,santillanvicente@example.com
31,Adán,Peres,bcaraballo@example.com
32,Teresa,Rico,manueldel-valle@example.net
33,Octavio,Jimínez,brivero@example.net
34,Rosalia,Jasso,felipe14@example.com
35,Federico,Rivera,bmiramontes@example.com
36,Irma,Echeverría,wgalindo@example.com
37,Jacinto,Lemus,pilar08@example.org
38,Arturo,Guardado,jsaenz@example.org
39,Martín,Salas,falfaro@example.com
40,Estela,Palacios,hildaverdugo@example.com
41,Mario,Uribe,luz85@example.com
42,María Elena,Juárez,fidel31@example.net
43,Elisa,Mata,tellodulce-maria@example.org
44,Esmeralda,Roybal,rolando89@example.com
45,Benito,Esquibel,esperanza52@example.com
46,Adela,Tejeda,gerardoarmenta@example.org
47,Perla,Loya,teodorosalas@example.org
48,Adán,Vela,mariano77@example.com
49,Dulce María,Ávalos,mateo11@example.com
50,Mitzy,Benavides,coronadoconchita@example.net
51,Hernán,Briones,caridadvaldez@example.com
52,Samuel,Ybarra,octavioolivares@example.com
53,Margarita,Luevano,kmagana@example.net
54,Ana María,Camacho,socorrogalarza@example.com
55,Virginia,Bonilla,eveliodelgadillo@example.net
56,Antonio,Cortez,paredesmaria-del-carmen@example.net
57,Rosario,Rodrígez,alonso34@example.net
58,Guillermina,Rendón,gonzalezgabino@example.net
59,Rolando,Fajardo,icarrero@example.org
60,Vicente,Córdova,claudia10@example.org
61,Homero,Yáñez,marcela17@example.net
62,Hernán,Padrón,monica87@example.com
63,Ariadna,Zamora,preciadoirene@example.net
64,Fidel,Alvarez,gironzeferino@example.net
65,Rodrigo,Alonso,reynaldo02@example.com
66,Norma,Quintanilla,dolores96@example.net
67,Mitzy,Bustos,amontero@example.com
68,Inés,Cantú,isaacpatino@example.net
69,Miguel Ángel,Lomeli,curbina@example.com
70,Augusto,Mascareñas,irene16@example.net
71,Abel,Torres,dpedraza@example.org
72,Norma,Nájera,wquintanilla@example.org
73,Emilia,Jaramillo,gracielaquezada@example.net
74,Mercedes,Casas,grijalvacristobal@example.com
75,Pedro,Alcaraz,ocaban@example.org
76,María Teresa,Carvajal,modestolovato@example.net
77,Georgina,Pelayo,prodriquez@example.com
78,Pedro,Colunga,mespino@example.net
79,Celia,Barrios,linda58@example.com
80,Abelardo,Leyva,rodrigo97@example.org
81,Marisela,Tijerina,vmontano@example.net
82,Pamela,Ocasio,mmedina@example.net
83,Evelio,Vázquez,xgonzalez@example.com
84,Alvaro,Matías,yolivarez@example.net
85,Uriel,Coronado,iarce@example.net
86,Rosa,Meraz,quinonezbenito@example.net
87,María Eugenia,Alejandro,lucascorrea@example.org
88,Mariano,Jaimes,sofia61@example.com
89,Zeferino,Tejeda,omateo@example.net
90,Micaela,Toro,barrientoseugenio@example.net
91,Graciela,Gaytán,puenteberta@example.net
92,Benito,Quiroz,helenaanaya@example.org
93,Irma,Badillo,jorge56@example.org
94,Felipe,Tamez,rvalles@example.org
95,David,del Río,olivassilvano@example.net
96,Fabiola,Salinas,estherriojas@example.net
97,Florencia,Rico,yeni07@example.com
98,Zoé,Treviño,antoniaquintanilla@example.com
99,Rodrigo,Luna,dhenriquez@example.com
100,Elvia,Olivo,pcarbajal@example.com
101,Reina,Muñoz,gustavo06@example.com
102,Abril,Valles,zelayamiriam@example.com
103,Estela,Zepeda,estefania39@example.com
104,Victoria,Chapa,arenashoracio@example.com
105,Aldo,Venegas,cesar14@example.com
106,Linda,del Río,cesartirado@example.com
107,Olga,Sánchez,daniel47@example.com
108,Ivonne,Carrero,jbenitez@example.org
109,Zoé,Osorio,aurora60@example.com
218,Sessa,Puga,timoteo01@example.net
110,Omar,Castañeda,rnegrete@example.net
111,Zacarías,Iglesias,gnieto@example.net
112,Eugenia,Rodríguez,valentinitzel@example.net
113,Estela,Barajas,pmadrid@example.com
114,Camilo,Cintrón,archuletahernan@example.com
115,Camilo,Calderón,pablocervantez@example.com
116,María Elena,Nevárez,vvillagomez@example.net
117,Cristal,Pedroza,saizsergio@example.com
118,Gilberto,Apodaca,esteban77@example.org
119,Jos,Camacho,pamela50@example.com
120,Gerónimo,Espinal,renteriaaurora@example.net
121,Eric,Zambrano,arteagaisabela@example.org
122,Carmen,Vallejo,angelaurrutia@example.org
123,Rodrigo,Gálvez,isaaccordero@example.net
124,Abelardo,Lebrón,catalinatoledo@example.com
125,Delia,Carmona,cejaadela@example.com
126,Eva,Villalobos,adriana24@example.org
127,Carmen,Pérez,barelamartin@example.com
128,Jos,Serna,razonadia@example.org
129,Sessa,Armas,maria-jose00@example.com
130,Karla,Polanco,salasmaria@example.org
131,Ariadna,Medina,andrescastro@example.com
132,Sofía,Vigil,juana98@example.com
133,María Elena,Santiago,ycamacho@example.net
134,Camila,Ureña,luis-manuelrazo@example.org
135,Liliana,Mojica,aozuna@example.net
136,Barbara,Marroquín,qmarroquin@example.com
137,José Luis,Corral,fbarrera@example.org
138,Aurelio,Preciado,nievescatalina@example.net
139,Ana María,Villa,yuridia16@example.com
140,Wendolin,Piña,loeraruby@example.com
141,Jesús,Cano,cristalrosario@example.org
142,Bianca,Montez,camila49@example.org
143,Luis Miguel,Valentín,jaramilloalicia@example.org
144,Georgina,Mares,jeronimo02@example.org
145,Raúl,Pacheco,colladotania@example.org
146,Aurora,Tamez,jose-manuelperea@example.com
147,Jacinto,Cotto,hugo59@example.net
148,Arturo,Ávila,cristinaarroyo@example.net
149,Ariadna,Jurado,fpineda@example.net
150,Margarita,Pedroza,esmeralda81@example.com
151,Luis Manuel,Carranza,rosalia78@example.net
152,Homero,Armenta,leonardozamudio@example.org
153,Abraham,Flores,eric24@example.com
154,Itzel,Casares,salinasluis-manuel@example.org
155,Catalina,Olivares,monicavaldivia@example.net
156,Joaquín,Becerra,barias@example.org
157,María Luisa,Bernal,rene69@example.com
158,Timoteo,Perales,camila60@example.com
159,David,Rincón,augusto61@example.org
160,Marco Antonio,Villalpando,fsoria@example.com
161,Horacio,Mojica,isabelade-la-garza@example.org
162,Nayeli,Carrera,jaquelinemontoya@example.net
163,Verónica,Cordero,benjaminconcepcion@example.com
164,Elvia,Delgadillo,vanesabenitez@example.org
165,Soledad,Salcido,wvalle@example.net
166,Marisol,Vallejo,soledad52@example.com
167,Ángel,Rodarte,ymadrigal@example.com
168,Rosa,Badillo,natividad14@example.com
169,María Cristina,Archuleta,negretegonzalo@example.org
170,Verónica,Bustamante,lrios@example.net
171,Alma,Rascón,ineszedillo@example.com
172,Mónica,Corona,rayabenjamin@example.com
173,Arturo,Santana,alfredogutierrez@example.net
174,Marcela,Quiñones,josenieves@example.com
175,Julia,Paredes,rufino05@example.org
176,Isaac,Cabrera,qlimon@example.net
177,Víctor,Zavala,isabelabonilla@example.net
178,Wilfrido,Cisneros,horacio62@example.net
179,Arturo,Marín,imendez@example.net
180,Olivia,Cabán,xsauceda@example.org
181,Jos,Mares,ernestomondragon@example.com
182,Elisa,Gastélum,cristalbernal@example.com
183,Benito,Sarabia,miramontesserafin@example.org
184,Rubén,Ocampo,daliaduran@example.net
185,Sofía,de Jesús,aarmas@example.com
186,Zoé,Granados,wlinares@example.net
187,Marisol,González,horaciorodarte@example.org
188,José Carlos,Vásquez,xriojas@example.com
189,Juana,Sandoval,mcuellar@example.net
190,Citlali,Henríquez,rosalesjose-emilio@example.net
191,Benjamín,Sevilla,linaresarmando@example.org
192,Georgina,Rascón,marco-antoniobustos@example.org
193,María del Carmen,Montes,pedrozaana@example.com
194,Nadia,Niño,judithbonilla@example.com
195,Esparta,Amaya,berta52@example.org
196,Alfonso,Llamas,wchavez@example.net
197,Mariano,Rangel,betancourtaida@example.com
198,Esmeralda,Cornejo,xcarranza@example.com
199,Eva,Madera,arreolaevelio@example.com
200,Timoteo,Reyna,carranzamodesto@example.net
201,Omar,Alemán,claudiolovato@example.com
202,Abel,Morales,reinapena@example.org
203,Wendolin,Briones,angel88@example.net
204,Natividad,Urrutia,orellanamariano@example.org
205,Teresa,Ontiveros,flavio05@example.org
206,Jaime,Guajardo,verdugoisabela@example.org
207,Alvaro,Mora,trinidad27@example.net
208,Mauro,Echeverría,andreareyna@example.org
209,Guadalupe,Ferrer,felicianoalma@example.com
210,Horacio,Serrato,etorrez@example.com
211,Alejandro,Espino,jonas05@example.com
212,Carlota,Nazario,vpabon@example.com
213,Judith,Mojica,miriamsalinas@example.com
214,Norma,Jaramillo,pinedaarcelia@example.com
215,Salvador,Dueñas,ines11@example.com
216,Virginia,Lucero,marisela96@example.org
217,María,Montoya,uarias@example.com
219,Teodoro,Palomino,nelly20@example.org
220,Sandra,Quezada,castroangel@example.org
221,Verónica,Navarro,juan-carlos90@example.net
222,Cristian,Rascón,jose-emilio71@example.net
223,Citlali,Tamayo,leonel54@example.org
224,Camila,Alvarez,modestosisneros@example.com
225,Ramiro,Carvajal,francisca73@example.net
226,Gonzalo,Salas,carloscervantez@example.org
227,María Cristina,de León,zbrito@example.net
228,Indira,Montenegro,urbinapatricia@example.com
229,Helena,Cotto,jossauceda@example.org
230,Carlos,Fernández,evasalcido@example.org
231,Jorge Luis,Urrutia,mayte82@example.net
232,Asunción,Barraza,leonel78@example.com
233,Lucas,Velasco,castilloilse@example.net
234,Antonia,Rascón,wsierra@example.org
235,Pedro,Villagómez,catalinaprieto@example.net
236,Anabel,Castellanos,hernande-anda@example.org
237,Irene,Garza,norma41@example.com
238,Elsa,Ureña,carmen49@example.net
239,Aurelio,Sandoval,rosaliavera@example.org
240,David,Zedillo,ramon00@example.org
241,Amalia,Velázquez,uriel39@example.com
242,Serafín,Angulo,strejo@example.net
243,Hermelinda,Rosas,leticialuevano@example.com
244,Antonia,Balderas,marcospelayo@example.com
245,Marisol,Figueroa,samuel25@example.net
246,Indira,Montaño,wcedillo@example.com
247,Noelia,Valenzuela,matosfabiola@example.com
248,Carlos,Jaramillo,jgutierrez@example.org
249,Amador,López,pperalta@example.org
250,Itzel,Vélez,elias27@example.net
251,Mayte,Samaniego,miriam01@example.com
252,Natalia,Reyna,esmeraldavergara@example.com
253,Amanda,Arteaga,miguel-angel97@example.com
254,Omar,Aguilera,pradocecilia@example.com
255,Josefina,Padrón,amalia60@example.net
256,Ramiro,Esquivel,perla41@example.com
257,Natalia,Raya,sofia91@example.org
258,Beatriz,Orta,ivonne85@example.org
259,Elvia,Zarate,csanches@example.org
260,Alfonso,Chapa,mario87@example.org
261,Samuel,Serrato,itzelmatos@example.org
262,Laura,Luna,natividad88@example.com
263,Ramón,Luna,xalfaro@example.com
264,Zacarías,Carmona,tvergara@example.net
265,Sonia,Amador,pjaimes@example.net
266,Reynaldo,Gil,vergaramauro@example.org
267,Ofelia,Olivares,federicoaparicio@example.net
268,Blanca,Espino,quintanahumberto@example.com
269,Cornelio,Paz,liliasanchez@example.net
270,Mariana,Bañuelos,normafranco@example.net
271,Irma,Romo,lmartinez@example.com
272,Óscar,Monroy,zoe49@example.com
273,Elisa,Gurule,porfirio43@example.com
274,Graciela,Franco,emateo@example.com
275,Rafaél,Lara,carlos98@example.com
276,Leonardo,Montaño,gregorioarias@example.com
277,Arcelia,Montemayor,vhidalgo@example.com
278,Ernesto,Ferrer,ramiro42@example.org
279,Sergio,Villa,federicoarteaga@example.net
280,Olga,Gastélum,ameliacamarillo@example.com
281,Isabel,Rodríquez,chapaabigail@example.net
282,Cristina,Palomo,promero@example.org
283,Graciela,Mayorga,veronica01@example.net
284,Renato,Gómez,del-riolorena@example.org
285,Alejandro,Osorio,vescamilla@example.com
286,Alfonso,Aguirre,raquel91@example.com
287,Gloria,Rentería,gcervantes@example.com
288,Georgina,Espinoza,menendezdalia@example.net
289,María José,Hinojosa,adelamiranda@example.com
290,Raquel,Espinoza,santiagopalomino@example.com
291,Noelia,Menchaca,pachecoyolanda@example.org
292,Dulce María,Cintrón,pmejia@example.org
293,Francisca,Olivera,mariselajaramillo@example.com
294,Hermelinda,Verduzco,ibarraursula@example.com
295,Eugenio,Bañuelos,riverohomero@example.org
296,Leticia,Sandoval,caridad45@example.net
297,Estela,Gaona,mateocorral@example.com
298,Samuel,Niño,eulloa@example.net
299,Wendolin,Gamez,rubenbonilla@example.net
300,Marisela,Suárez,araceli91@example.org
301,Pascual,Santiago,renatoteran@example.org
302,Daniel,Menchaca,rcarrion@example.org
303,Rodolfo,Sáenz,segoviamarisela@example.org
304,María Elena,Centeno,kreyes@example.org
305,Rafaél,Ríos,agustin64@example.org
306,Esteban,Véliz,armentaluisa@example.com
307,Andrea,Toro,barrientosmariana@example.org
308,Gonzalo,Paredes,celiaperes@example.com
309,Juana,Rangel,fnunez@example.net
310,Virginia,Tirado,ursulamontero@example.org
311,Diego,Terrazas,itafoya@example.net
312,Esparta,Acosta,lugomarisol@example.net
313,Pamela,Pineda,pgodinez@example.com
314,Javier,Correa,elena10@example.net
315,Lourdes,Alemán,emilianobarrera@example.org
316,Rosario,Aponte,rzamora@example.net
317,Amanda,Guevara,padillamarcela@example.org
318,Paola,Gamboa,cintronnadia@example.com
319,Eugenia,Velásquez,reynaldo95@example.org
320,Hermelinda,Collazo,lilianamacias@example.com
321,Anel,Valdés,socorroponce@example.net
322,Miguel Ángel,Arreola,trinidad68@example.com
323,Lorena,Paredes,helenaocampo@example.org
324,Pablo,Rojas,espartacomacias@example.net
325,Claudio,Rivas,valenzuelaliliana@example.com
326,Porfirio,Tamayo,juliaguerra@example.com
327,Emilia,Menéndez,rasconjose-eduardo@example.org
328,Omar,Espino,jassojose-maria@example.net
329,Salma,Zavala,beltranelena@example.net
330,Yuridia,Valdivia,maurofrias@example.com
331,Hernán,Alejandro,eliascarvajal@example.net
332,Mauro,Guerra,leonelgrijalva@example.net
333,Inés,Leyva,irobledo@example.net
334,Jorge,Manzanares,jorge-luis87@example.com
335,Berta,Rodarte,emilia55@example.com
336,Amalia,Valladares,clementealeman@example.com
337,Perla,Viera,jlucero@example.org
338,Isaac,Godínez,pvargas@example.com
339,Paulina,Miranda,minerva77@example.org
340,Jesús,de la O,patriciosaenz@example.org
341,Patricia,Bahena,benavidezyolanda@example.org
342,Abraham,Paz,soniagodoy@example.org
343,Cornelio,Aguirre,nataliaresendez@example.com
344,Ana María,Rosas,aaleman@example.net
345,Pedro,Patiño,alfaroolga@example.net
346,Gerardo,Tello,adriana86@example.org
347,Bernabé,Caldera,fabiolaespinosa@example.net
348,Olivia,Hernádez,gabriela61@example.com
349,Leticia,Rico,espartacomacias@example.net
350,Ariadna,Aparicio,palominojuan@example.com
351,Pedro,Rolón,aguirredavid@example.org
352,Modesto,Puente,raul18@example.org
353,Estela,Galarza,cjuarez@example.org
354,Gilberto,Tórrez,duarteignacio@example.org
355,Emilio,Villagómez,leonelbermudez@example.com
356,Dalia,Valle,raquelordonez@example.net
357,Paola,Meraz,ycintron@example.net
358,Arcelia,Sanches,ana16@example.org
359,Antonio,Molina,bmena@example.net
360,Georgina,Raya,wgil@example.net
361,José Manuél,Preciado,rocioolivares@example.org
362,Serafín,Lucero,antoniaborrego@example.com
363,Cristian,Olivares,juliomateo@example.com
364,Bernabé,Bustos,manzanaresmaria@example.com
365,Genaro,Canales,asuncionescobar@example.com
366,Marisol,Valdés,bcandelaria@example.org
367,Joaquín,Urrutia,zambranorufino@example.com
368,Judith,Alcala,liliana61@example.net
369,Rafaél,Guerra,juande-la-o@example.org
370,Gabriel,Madera,miguel21@example.org
371,Manuel,Leal,eluna@example.org
372,Jorge Luis,Heredia,socorrosaldivar@example.net
373,Sergio,Estévez,icarbajal@example.com
374,Abraham,Ortiz,silvano65@example.com
375,Israel,Posada,helenamayorga@example.net
376,Elvira,Roque,diana65@example.com
377,Tania,Salas,irmaocampo@example.com
378,Laura,Nava,valleelvira@example.net
379,Patricio,Dueñas,riojasenrique@example.com
380,Guillermo,Barrientos,isanabria@example.net
381,Hernán,Guardado,victoria26@example.com
382,Antonia,Rangel,zverduzco@example.net
383,Natividad,Peralta,murilloomar@example.net
384,Teodoro,Briones,guzmanvictor@example.net
385,Joaquín,de la Crúz,valladaresveronica@example.net
386,Vicente,Pabón,luis-manuel10@example.org
387,Francisco Javier,Garibay,mariselanoriega@example.com
388,Marisol,Villalobos,jaimealvarado@example.com
389,Bernardo,Lucero,hbriones@example.net
390,Claudia,Montero,jacobo73@example.net
391,Maximiliano,Montero,ccalderon@example.net
392,María Cristina,Matos,maciasalvaro@example.net
393,Camila,Altamirano,vicente12@example.net
394,Federico,Sevilla,pedrocrespo@example.com
395,Rafaél,Polanco,zgomez@example.com
396,Sonia,Enríquez,timoteopreciado@example.com
397,Alicia,Fajardo,bvillarreal@example.com
398,Abigail,Gallegos,germanbarajas@example.net
399,Benjamín,Terán,josefinamelgar@example.org
400,María José,Carrera,yuridia78@example.net
401,Humberto,Zambrano,lorosco@example.org
402,Jaqueline,Mora,rde-leon@example.net
403,Héctor,Villanueva,cervanteshumberto@example.org
404,Evelio,Magaña,elizondojose-luis@example.net
405,Claudia,Segura,mperalta@example.org
406,René,Olivera,fescamilla@example.net
407,Pablo,Delgadillo,minervalomeli@example.org
408,Eduardo,Mascareñas,waviles@example.org
409,Mercedes,Chacón,juan-carlosvalenzuela@example.net
410,Úrsula,Saldaña,asalazar@example.net
411,María,Sáenz,armandovallejo@example.org
412,Estefanía,Loya,laureanoespartaco@example.net
413,Graciela,de la Garza,vvalles@example.com
414,Paulina,Segura,vegacamila@example.com
415,Pamela,Navarro,quintanapatricio@example.org
416,Luz,Canales,hectorapodaca@example.com
417,Frida,Montero,quinonescaridad@example.org
418,Enrique,Villalobos,santiago62@example.net
419,Clara,Fonseca,ana-mariavargas@example.com
420,Óscar,León,ireneloya@example.com
421,Renato,Jaramillo,cervantezlilia@example.org
422,Gerónimo,Castro,felixconcepcion@example.net
423,Inés,Gutiérrez,jsaiz@example.net
424,Susana,Jiménez,cnunez@example.org
425,Tania,Cabán,vserrato@example.com
426,José Carlos,Rentería,lmenchaca@example.org
427,Aurelio,Reynoso,andrea86@example.org
428,Luis Miguel,Galarza,ujasso@example.com
429,Iván,Trujillo,raulrubio@example.com
430,Amanda,Arredondo,ricoadriana@example.org
431,Cristina,Quintana,babrego@example.org
432,César,Madrid,gerardocaban@example.net
433,Jorge Luis,Henríquez,nietowendolin@example.net
434,Daniel,Ávila,umagana@example.net
435,Eugenia,Portillo,cadenaabel@example.org
436,Mateo,Bernal,rosaliagastelum@example.net
437,María,Aguirre,montalvocarla@example.com
438,César,Romo,gironjuan-carlos@example.org
439,Benjamín,Candelaria,jose-carlos42@example.com
440,Cecilia,Collazo,tamezramon@example.org
441,Santiago,de Anda,umontoya@example.org
442,Soledad,Coronado,nquintero@example.org
443,Benito,Cintrón,villalpandojuan-carlos@example.com
444,Luis Miguel,Mascareñas,fernandolebron@example.net
445,Arturo,Guzmán,aldonza43@example.net
446,Samuel,Saucedo,julio-cesarlucero@example.net
447,Ana,Grijalva,holvera@example.org
448,Modesto,Villegas,suarezadan@example.com
449,Ilse,Centeno,avarela@example.com
450,Patricio,de León,bbeltran@example.net
451,Ángel,Alcaraz,esmeralda00@example.com
452,Natividad,Llamas,spina@example.com
453,Armando,Terán,germanbotello@example.com
454,Arcelia,Segura,cristalteran@example.com
455,Julio César,Villa,marinmarco-antonio@example.net
456,Evelio,Baeza,asuncionpuente@example.org
457,María Elena,Baca,yeni21@example.org
458,Citlali,Alba,miriammontenegro@example.net
459,Noemí,Huerta,jose-emiliocastro@example.net
460,Gabriel,Carvajal,mezaluis-miguel@example.com
461,Ofelia,Barela,reynaldo17@example.com
462,Nayeli,Murillo,sanabriaraquel@example.org
463,José Carlos,Cotto,benjamin91@example.org
464,Nancy,Acevedo,alcalafelipe@example.org
465,Mariana,Narváez,lcornejo@example.org
466,Perla,Perea,inesguzman@example.com
467,Indira,Juárez,vazquezjose-emilio@example.org
468,Nadia,Ávila,espartasevilla@example.org
469,Karla,Barrientos,xleyva@example.com
470,Itzel,Briseño,xaguilera@example.org
471,Guillermo,Valle,silvia37@example.com
472,Rosa,Salcido,patricioguillen@example.org
473,Abraham,Parra,gonzalespatricia@example.com
474,Teresa,Aguirre,abel64@example.org
475,Emiliano,Tamayo,lourdessalazar@example.org
476,Claudia,Lemus,armasesther@example.net
477,Liliana,Nieves,lbravo@example.org
478,Natalia,Cepeda,lbenavidez@example.net
479,Anel,Puga,evalovato@example.com
480,Ignacio,Orozco,ilse74@example.org
481,Antonio,Fierro,rociocardona@example.org
482,Bernabé,de Anda,urobledo@example.com
483,Carla,Tello,emilio74@example.com
484,Gabino,Casares,cottohernan@example.net
485,Salvador,Arevalo,itzelcordero@example.org
486,Felix,Moya,dserna@example.net
487,Helena,Hurtado,alta-graciapalacios@example.com
488,Pilar,Urbina,barbararios@example.org
489,Clara,Casas,banuelosestela@example.org
490,Elvia,Pacheco,sonia19@example.net
491,Francisco Javier,Benavídez,barraganelvia@example.net
492,María,Cazares,merazcarlos@example.org
493,María Teresa,Arteaga,renatoprieto@example.net
494,Leonardo,Salgado,olivasluis@example.org
495,Joaquín,Gallegos,gerardolemus@example.com
496,Conchita,Aragón,vicentelucero@example.com
497,Lilia,Urbina,fballesteros@example.com
498,Juan Carlos,Chapa,pfeliciano@example.net
499,Felix,Tórrez,olivasjorge@example.com
500,Pamela,Rubio,raul85@example.com
501,Genaro,Dueñas,matosruben@example.org
502,Alta  Gracia,León,rodriquezolga@example.com
503,Rocío,Gonzales,benitogutierrez@example.net
504,Fabiola,Jáquez,gaonarene@example.com
505,Joaquín,Delgadillo,evavillarreal@example.com
506,Jorge,Villareal,moraraquel@example.net
507,Claudia,Valladares,migueltorres@example.com
508,Delia,Salas,bustamanteanabel@example.org
509,Salvador,Gaona,sotomateo@example.org
510,Isabel,Ferrer,jacintodiaz@example.com
511,Ana María,Alonzo,rodrigocollado@example.org
512,Olivia,Nava,ninowilfrido@example.com
513,Rodrigo,Campos,hermelinda52@example.org
514,Marco Antonio,Ruiz,delia89@example.com
515,Esparta,Villalpando,jose-mariamaldonado@example.net
516,Guadalupe,Cavazos,abelvega@example.com
517,Raquel,Apodaca,salvadormatias@example.net
518,Estela,Valles,salgadoclaudia@example.com
519,Araceli,Granados,indira21@example.net
520,Yuridia,Meza,qalba@example.org
521,Felix,Barreto,francisco10@example.org
522,Judith,Quezada,ade-la-cruz@example.com
523,José María,Montoya,ecampos@example.net
524,Uriel,Garza,maria-cristinabenavides@example.org
525,Guadalupe,Almonte,francisca11@example.com
526,David,Núñez,antoniotrujillo@example.org
527,Ivonne,Villegas,bangulo@example.net
528,Daniel,Zepeda,dcortez@example.org
529,Isabel,Flórez,lucasurrutia@example.net
530,Paola,Jaimes,hector31@example.org
531,Laura,Vázquez,dcorrales@example.com
532,Abelardo,Ponce,lozanovirginia@example.net
533,Ruby,Rosado,beatrizalvarez@example.org
534,David,Lovato,rojascamilo@example.com
535,Leonel,Rodríguez,fjaimes@example.net
536,Pamela,Ontiveros,jose-eduardoolivarez@example.com
537,Eduardo,Ramírez,irizarrymarcos@example.com
538,Frida,Gastélum,ramon02@example.net
539,Yeni,Calderón,montanezpatricia@example.com
540,Rolando,Gaytán,ontiverosoctavio@example.com
541,Omar,Roldán,martinluna@example.org
542,Leonardo,Aragón,carlarangel@example.org
543,Daniela,Galarza,carmenarias@example.com
544,Arcelia,Puga,soledadcordero@example.net
545,Francisco Javier,Maya,britojulia@example.net
546,Leonel,Urías,geronimo87@example.org
547,Sofía,Villagómez,acarreon@example.org
548,Concepción,Valverde,caraballoramon@example.org
549,Gonzalo,Tello,lilia46@example.net
550,Mercedes,Vázquez,larchuleta@example.com
551,Karina,Colón,zarellano@example.com
552,Eva,Arroyo,xjimenez@example.org
553,Iván,Madrigal,gilberto71@example.org
554,Cecilia,Macías,rmayorga@example.net
555,Lorena,Zedillo,escobedomargarita@example.org
556,Lorenzo,Rubio,anabel82@example.org
557,Hugo,Santillán,xcervantez@example.net
558,Rebeca,Anaya,elisafernandez@example.org
559,Felix,Apodaca,xarteaga@example.net
560,Elvia,Lara,marisol86@example.net
561,Carlota,Angulo,jose-emiliosaenz@example.net
562,Marisela,Díaz,jvilla@example.com
563,Jaime,Dávila,aurora40@example.com
564,Amador,Curiel,estelagarza@example.net
565,Emiliano,Jiménez,bserna@example.net
566,Abril,Rojo,vicentedelgadillo@example.net
567,Abril,Garrido,sandra44@example.com
568,José Manuél,Montes,nhernadez@example.com
569,Hermelinda,Soliz,gviera@example.org
570,Nayeli,Noriega,hector17@example.org
571,Iván,Lebrón,geronimo44@example.org
572,Conchita,Sierra,ana-luisazapata@example.com
573,Virginia,Maya,aldonzasalinas@example.com
574,Francisco Javier,Peralta,voquendo@example.org
575,Rodolfo,Vázquez,jacobogaribay@example.net
576,Oswaldo,Rolón,natividad42@example.net
577,Porfirio,Durán,beatriz72@example.net
578,Francisco Javier,Valdivia,israelburgos@example.org
579,Joaquín,Garica,lucia55@example.com
580,Rocío,Lozano,ecarvajal@example.org
581,Tania,Vergara,rodriquezeloisa@example.net
582,Carla,Olivárez,liliana02@example.org
583,Elvira,Monroy,dvargas@example.org
584,Ignacio,Dueñas,saavedraisabela@example.net
585,Diana,Marroquín,acunamaria-cristina@example.com
586,Enrique,de la Garza,minervabueno@example.org
587,Sessa,Puente,bpaez@example.com
588,Juan Carlos,Acuña,tejedaelvira@example.net
589,José Luis,Alcaraz,olga30@example.net
590,Abigail,Guzmán,jaimemarrero@example.org
591,Benjamín,Olivera,daniela10@example.com
592,Gregorio,Reséndez,manuel25@example.com
593,Jorge,Escobedo,karinaalmaraz@example.org
594,Esparta,Ceja,agustinvillalpando@example.net
595,Darío,Castañeda,uriel06@example.net
596,Florencia,Téllez,villegasamanda@example.net
597,Bianca,Almonte,carrillolorena@example.com
598,Juan,Castañeda,mario23@example.net
599,Sonia,Aguirre,lucia18@example.com
600,Silvia,Zelaya,lourdescantu@example.net
601,Serafín,Carvajal,camila17@example.org
602,Sandra,Feliciano,octavio35@example.net
603,Lucas,Lucero,alfredoulibarri@example.com
604,Emilio,Rosales,eugenio00@example.net
605,Augusto,Carranza,fcordova@example.net
606,Antonio,Campos,trinidad37@example.com
607,Gabino,Rivera,camarillodelia@example.org
608,Gregorio,Murillo,luis11@example.org
609,Abril,Chavarría,isaacmuniz@example.com
610,Silvia,Jasso,nievesjacobo@example.org
611,Camila,Pacheco,rreyes@example.com
612,Mateo,Pérez,brunocenteno@example.net
613,Ana María,Crespo,penarosa@example.com
614,Rebeca,Quezada,santiagoojeda@example.com
615,Sara,Anaya,maximilianosaavedra@example.org
616,Lilia,Quintana,barajasfrancisca@example.net
617,Humberto,Alcala,yolandamireles@example.net
618,Octavio,Cadena,eguzman@example.com
619,Wilfrido,Olmos,porfirioayala@example.org
620,Trinidad,Cortez,ksaldivar@example.org
621,Mitzy,Mayorga,isabelledesma@example.org
622,Natividad,Garica,ppadron@example.org
623,María Luisa,Quiroz,fbueno@example.com
624,Ignacio,Casanova,galmanza@example.com
625,Liliana,Aranda,bustossalma@example.net
626,Teodoro,Maestas,vanesareyes@example.com
627,José,Ayala,maria-elenameraz@example.net
628,Silvano,Zapata,tnarvaez@example.com
629,Camila,Calderón,abelardomondragon@example.com
630,Tania,Lovato,bernabe02@example.com
631,Clara,Parra,hernandezsantiago@example.org
632,Elena,Casárez,dgalvan@example.org
633,Ivonne,Cardenas,oarredondo@example.net
634,Rolando,Castañeda,qreyna@example.net
635,Natalia,Cervantes,hacuna@example.net
636,Amanda,Uribe,evigil@example.net
637,Diana,Véliz,carolinacano@example.com
638,Víctor,Zapata,natalia66@example.net
639,Felix,Lara,smontalvo@example.com
640,Cecilia,Chavarría,szarate@example.net
641,Nelly,Luna,perla33@example.org
642,Sofía,López,zacarias22@example.net
643,Patricia,Medrano,moraramiro@example.com
644,Rodolfo,Vásquez,stejeda@example.com
645,Adán,Solorzano,alvaradojuana@example.org
646,Ana,Badillo,gabrielacruz@example.com
647,Fidel,Concepción,luceroemilia@example.net
648,Alonso,Muñoz,ncanales@example.net
649,Ramiro,Garrido,ggranados@example.net
650,Graciela,Arreola,aontiveros@example.net
651,Humberto,Urías,alcantarfidel@example.org
652,Silvano,Quintero,tanianazario@example.net
653,Patricio,Zavala,eloisalozano@example.com
654,Diana,Benavídez,deboraserrano@example.org
655,José María,Arevalo,jleiva@example.com
656,Catalina,Cruz,abigail57@example.net
657,Cristal,Arenas,irenezambrano@example.org
658,Socorro,Madera,jvega@example.com
659,Antonia,Matías,dulce-mariasoliz@example.org
660,Natalia,Crespo,itorrez@example.com
661,Aurelio,Montes,ernestomeraz@example.com
662,Jorge Luis,Lozada,serafintamez@example.com
663,Ramiro,Aguirre,montemayormarisela@example.org
664,Tomás,Guerrero,mayorgajuana@example.org
665,Judith,Hidalgo,alberto85@example.net
666,Nancy,Ramírez,sarmas@example.net
667,Elisa,Mayorga,calderadaniela@example.net
668,Oswaldo,Aguilar,gaitanyuridia@example.net
669,Ernesto,Pineda,florezpablo@example.net
670,Manuel,Becerra,albertorico@example.net
671,Isabel,Archuleta,benavidesana@example.org
672,Fidel,Valdez,velascoesperanza@example.com
673,Lorenzo,Oquendo,bpalacios@example.com
674,Adriana,Ordóñez,tellezabraham@example.net
675,Serafín,Barajas,beltranjorge@example.net
676,Bernabé,Longoria,samuel14@example.com
677,Juana,Ortega,rojocristina@example.net
678,Estefanía,Chacón,strejo@example.net
679,Claudio,Lugo,adalberto88@example.org
680,Carlota,Arguello,vegaruben@example.com
681,Pablo,Trujillo,maganaenrique@example.net
682,Jaime,Galarza,jsepulveda@example.org
683,Dulce María,García,eloisa12@example.net
684,Raquel,Ayala,eulloa@example.com
685,Yuridia,Barrera,berta39@example.com
686,Isabel,Munguía,yuridiagollum@example.org
687,Gloria,Barrios,ilseruelas@example.com
688,Isaac,Malave,raulvalverde@example.com
689,Ignacio,Porras,abigailmarroquin@example.org
690,Estela,Pulido,jorge-luis25@example.com
691,María Teresa,Ramírez,hilda78@example.org
692,Delia,Zepeda,leonclara@example.net
693,Elsa,Irizarry,benitezaida@example.net
694,Susana,Angulo,nvillanueva@example.org
695,Pedro,Hurtado,xcordova@example.com
696,Esparta,Villalpando,cecilia78@example.net
697,Aurora,Osorio,nadia03@example.net
698,Daniel,Serrano,mariselacrespo@example.org
699,Raúl,Valles,maximilianomunoz@example.org
700,Estefanía,Saavedra,andreajaime@example.com
701,Eugenia,Arias,normamuro@example.com
702,Mariano,Rentería,arenasvioleta@example.com
703,Benjamín,Soliz,frida98@example.net
704,Delia,Ocampo,lnavarrete@example.net
705,Araceli,Sierra,jose-manuel38@example.com
706,Jesús,Montaño,mrosario@example.org
707,Mónica,Chávez,ode-jesus@example.org
708,Noelia,León,conchitaescobar@example.org
709,Jos,Zarate,godinezlinda@example.com
710,Camila,Rosario,nroque@example.net
711,Cynthia,Partida,guerreroalvaro@example.org
712,Renato,Villarreal,ceciliasepulveda@example.org
713,Renato,Contreras,de-la-cruzfrancisco-javier@example.org
714,Noemí,Palomino,limonarturo@example.org
715,Marisol,Zepeda,krosario@example.org
716,Lilia,Zaragoza,rodolfoecheverria@example.net
717,Victoria,Segura,daniela57@example.net
718,Rosa,Barrientos,jose-mariaolmos@example.org
719,Bianca,Alemán,octaviosantana@example.net
720,Lourdes,Cornejo,diazmartin@example.net
721,Ruby,Arellano,cabanmauricio@example.net
722,Catalina,Zavala,pradooctavio@example.com
723,José Eduardo,Armas,zgiron@example.com
724,Juana,Montez,pizarrocecilia@example.com
725,Mateo,Gonzales,limonrufino@example.net
726,Lucas,Hinojosa,abigailaguilar@example.net
727,Octavio,Carvajal,nunezvanesa@example.org
728,Ignacio,Paredes,bernabe26@example.net
729,Rocío,Hernandes,omar69@example.com
730,Sara,Leal,afigueroa@example.net
731,Porfirio,Rosas,jose-eduardovaldivia@example.net
732,Maximiliano,Hernandes,reynaldo56@example.net
733,Citlali,Casanova,mariselacuellar@example.org
734,Ernesto,Sauceda,zmireles@example.net
735,Sessa,Ávila,julioadame@example.org
736,Clemente,Rodríguez,ebueno@example.com
737,Estela,Nevárez,archuletajuan-carlos@example.com
738,Sessa,Soliz,ruben02@example.net
739,Miguel Ángel,Quiñones,ferrervictor@example.net
740,Gonzalo,Esquivel,zamudionayeli@example.net
741,Esther,de la O,murilloevelio@example.net
742,Abel,Cotto,lealleonor@example.com
743,Yolanda,Ortega,mvilla@example.net
744,Adela,Barrientos,ulloagloria@example.net
745,Rafaél,Verduzco,javier43@example.net
746,Eloisa,Rentería,avelasco@example.com
747,Delia,Palomo,valdiviaantonia@example.net
748,Guadalupe,Molina,sernafrancisco@example.net
749,René,Henríquez,kocasio@example.com
750,Federico,Mojica,lrincon@example.org
751,Mauricio,Carrión,angel63@example.net
752,Estela,Mata,hmorales@example.net
753,Abril,Irizarry,gracielacaban@example.com
754,Zacarías,Monroy,urrutiadiego@example.com
755,Humberto,Moreno,renatojimenez@example.org
756,Elias,Samaniego,eugenioguardado@example.com
757,Emiliano,Girón,felixmoya@example.org
758,Bernabé,Casares,salcedosessa@example.org
759,Patricia,Arias,nnieto@example.com
760,Miguel,Velasco,mitzy28@example.com
761,Leonel,Garibay,anasotelo@example.com
762,Mateo,Toledo,sandovaljavier@example.com
763,Delia,Reyna,sisnerosmaria-luisa@example.com
764,Abril,Alcala,juanvera@example.org
765,Irma,Nájera,eduardo84@example.org
766,Gabriel,Rodríguez,josefina27@example.com
767,Enrique,Perea,jose64@example.com
768,Dolores,Vázquez,renegiron@example.org
769,Genaro,Gracia,molivarez@example.org
770,Conchita,Rojas,del-vallelucia@example.com
771,Cecilia,Sierra,micaela44@example.net
772,Raquel,Arreola,scamacho@example.org
773,Ana María,Galván,martin17@example.net
774,Israel,Hurtado,jorge-luis88@example.com
775,Jaime,Almonte,wcasas@example.net
776,Samuel,Farías,gloriamota@example.com
777,Zacarías,Segovia,framon@example.com
778,Sessa,Llamas,kcolunga@example.net
779,Iván,Pérez,fbecerra@example.org
780,Jacobo,Gil,ilse44@example.net
781,Verónica,Ortega,maria59@example.net
782,María del Carmen,Pedraza,dulce-mariaaltamirano@example.org
783,Eugenio,Heredia,gaitandaniela@example.com
784,Benjamín,Cadena,rojaspascual@example.org
785,Aldonza,Osorio,canofrida@example.net
786,Cristal,Bravo,omares@example.org
787,Gloria,Quintero,cesarsoto@example.org
788,Alicia,Aragón,irma77@example.net
789,Georgina,Ulibarri,scervantez@example.net
790,Diana,Villareal,bvalle@example.net
791,Timoteo,Tejeda,javier78@example.org
792,Augusto,Quintanilla,josefina64@example.org
793,Hernán,Alarcón,solorzanocelia@example.com
794,Gonzalo,Rodarte,salazarmateo@example.com
795,Abril,Posada,ruben30@example.net
796,José Luis,Esparza,bvalentin@example.com
797,Felix,Dávila,oochoa@example.com
798,Arcelia,Pichardo,noemijurado@example.com
799,Violeta,Tapia,liliana31@example.org
800,Celia,Longoria,resendezserafin@example.com
801,Georgina,Salazar,inesalmaraz@example.org
802,Amador,Téllez,escamillabenjamin@example.com
803,Gabriel,Castillo,oaguilera@example.org
804,Cornelio,Alejandro,vgamboa@example.com
805,Hugo,Samaniego,marisol05@example.org
806,Clemente,Badillo,julio-cesar18@example.com
807,Dolores,Espinosa,juana01@example.net
808,Felix,Olmos,vgutierrez@example.org
809,Elvia,Rincón,solizwendolin@example.org
810,Mario,Ordóñez,irene20@example.net
811,Paulina,Soliz,hernandesmauricio@example.net
812,Héctor,Farías,amelia31@example.org
813,Tania,Puente,adela24@example.net
814,Carla,Ortiz,abrilarias@example.net
815,Martín,Ybarra,jose-emilioburgos@example.org
816,Cristina,Sanabria,mirelessocorro@example.org
817,Ana María,Moya,omarcarbajal@example.org
818,Micaela,Gonzales,porfirio57@example.net
819,Elisa,Alonso,umuniz@example.org
820,Fidel,Arenas,jquezada@example.com
821,Patricia,Saiz,raquelescobar@example.net
822,Jaqueline,Mejía,mlaureano@example.net
823,Cynthia,Barrientos,maria-del-carmenlucero@example.com
824,Patricia,Navarro,xabrego@example.net
825,Natividad,Ojeda,aidanarvaez@example.net
826,Evelio,Mayorga,tijerinajulia@example.org
827,Ofelia,Salinas,saraleyva@example.com
828,Lucas,Medina,calderaoctavio@example.net
829,Ángel,Armas,diegoaparicio@example.org
830,Bernabé,Ruelas,bertaaparicio@example.net
831,Tomás,Oquendo,nsotelo@example.net
832,Rosa,Hidalgo,navarroestela@example.net
833,Angélica,Alcántar,vanesasalazar@example.org
834,Mayte,Ballesteros,porfirio65@example.net
835,Ana Luisa,Jáquez,batistahernan@example.org
836,Esmeralda,Solano,camposesther@example.net
837,Judith,Espinal,oliviaguzman@example.net
838,Socorro,Duarte,xcaraballo@example.net
839,Reynaldo,Muñiz,gponce@example.org
840,Dolores,Urbina,vsantana@example.net
841,Cristina,Tejeda,umora@example.net
842,Irma,Nieto,uposada@example.com
843,Sandra,Guajardo,jose-manuelurbina@example.net
844,Florencia,Murillo,zramos@example.org
845,Aldo,Linares,sisneroscelia@example.com
846,Abraham,Macías,ernestomascarenas@example.org
847,Gerónimo,Uribe,barbaraarchuleta@example.com
848,Jonás,Cortés,gabinonavarro@example.net
849,Felix,Gonzales,helena19@example.com
850,Rebeca,Gamboa,melendezmaximiliano@example.org
851,Micaela,Velázquez,yaneztomas@example.com
852,Alfonso,Velázquez,xberrios@example.org
853,Israel,Montero,hpena@example.org
854,Úrsula,Zarate,olivasana@example.com
855,Ofelia,Arguello,paola92@example.com
856,Nadia,García,amadororozco@example.com
857,Rosario,Velásquez,garibaymagdalena@example.com
858,Laura,Cordero,ivanborrego@example.com
859,Reina,Arroyo,figlesias@example.com
860,Mónica,Puente,celiarosales@example.net
861,Elvia,Saavedra,mvazquez@example.net
862,Sergio,Soria,federicobecerra@example.com
863,Luis Manuel,Mejía,carreonyuridia@example.com
864,Luisa,Navarrete,elias55@example.net
865,Vanesa,Alva,dario59@example.com
866,Sofía,Concepción,oarmendariz@example.org
867,José Luis,Cortés,carreonana@example.org
868,Silvano,Cordero,adela51@example.com
869,María del Carmen,Rodríguez,merazenrique@example.net
870,Pablo,Galarza,patriciosolorzano@example.com
871,Pascual,Rosas,yolandaalmanza@example.com
872,Rodolfo,Soto,herreradavid@example.org
873,Gloria,Fernández,ana70@example.org
874,Julia,Juárez,bianca04@example.net
875,Judith,Godoy,tsauceda@example.org
876,Ignacio,Rubio,escamillaelvia@example.net
877,María José,Valentín,arenasfernando@example.net
878,Hilda,Merino,vorozco@example.org
879,Aida,Montenegro,joaquin43@example.net
880,Gerónimo,Bañuelos,julia08@example.com
881,Espartaco,Coronado,laura21@example.net
882,Juana,Soliz,lorenaguajardo@example.net
883,Cristian,Polanco,salma57@example.net
884,César,Fonseca,robertotoro@example.net
885,Eloy,Chavarría,ofelia26@example.org
886,Vanesa,Vallejo,ilsebarreto@example.net
887,Óscar,Casanova,ilseconcepcion@example.net
888,Alta  Gracia,Matos,tpatino@example.com
889,Teodoro,Lara,elenacarbajal@example.org
890,Dulce María,Alvarez,samuel99@example.org
891,Rubén,Gómez,aldonzamunoz@example.org
892,Mateo,Cervantes,lnino@example.com
893,Mitzy,Rojo,daliaespinoza@example.org
894,Alonso,Paredes,jiminezliliana@example.org
895,Yuridia,Fierro,andresdiaz@example.com
896,Sergio,Saiz,maria-jose36@example.com
897,Alma,Zúñiga,zmarroquin@example.net
898,Reina,Villegas,solizbianca@example.com
899,María Eugenia,Arias,normaterrazas@example.com
900,Alfredo,Valdez,wsevilla@example.net
901,Amador,Espinal,marcos64@example.com
902,María Teresa,de la Crúz,nlozano@example.org
903,Noemí,Collado,frazo@example.net
904,Mónica,Carreón,rociotrevino@example.org
905,Laura,Pedraza,maria-del-carmen02@example.com
906,Rosa,Ferrer,qbustamante@example.com
907,Violeta,Dávila,bustoscamila@example.net
908,María del Carmen,Naranjo,soriajuan-carlos@example.net
909,Nayeli,Crespo,yurbina@example.org
910,David,Meza,daliacolunga@example.org
911,Amelia,Perea,horacio74@example.net
912,Dolores,Carvajal,eloyacosta@example.net
913,Flavio,Alcala,fsalinas@example.net
914,Abigail,Zúñiga,ngranados@example.net
915,Victoria,Rolón,cparra@example.org
916,Ruby,Zapata,guevarapascual@example.com
917,Silvano,Valdés,amadorescalante@example.org
918,Anabel,Montes,colungaalonso@example.net
919,Reynaldo,Zavala,isabel10@example.org
920,Lorena,Domínguez,zacariaslinares@example.net
921,Virginia,Yáñez,maria-eugeniaveliz@example.com
922,Alejandro,Cabán,irene56@example.org
923,Luis,Urbina,loyamariana@example.org
924,Carlos,Laureano,olivia68@example.org
925,Enrique,Baeza,vazquezsonia@example.net
926,Asunción,Roybal,luis95@example.com
927,Olivia,Velasco,catalina99@example.com
928,Nicolás,Salinas,nduenas@example.org
929,Gregorio,Esquibel,casanovaalberto@example.com
930,Socorro,Carvajal,sergiopedroza@example.com
931,Amalia,Merino,rafael30@example.net
932,Eloy,Lerma,angel44@example.net
933,Paulina,Mejía,carreraisabela@example.com
934,Leonardo,Varela,del-rioeloisa@example.com
935,Ivonne,Roque,paranda@example.org
936,Mauricio,Cortés,vteran@example.com
937,Liliana,Badillo,raul58@example.net
938,Aida,Frías,joaquin12@example.com
939,Alta  Gracia,Mojica,ktellez@example.net
940,Samuel,Ordóñez,rosariocarrion@example.com
941,Ignacio,Aparicio,liliana17@example.org
942,José Emilio,Razo,esmeralda84@example.org
943,Bruno,Noriega,ferreraurelio@example.com
944,Natividad,Alvarado,jsanches@example.org
945,Jacinto,Roybal,itzel21@example.net
946,Zoé,Centeno,alejandrorico@example.com
947,Octavio,Carrillo,marquezalvaro@example.net
948,Rosario,Brito,mayte01@example.net
949,Victoria,Marrero,velezhugo@example.net
950,Enrique,Mayorga,elisallamas@example.com
951,Óscar,Matos,rcarvajal@example.org
952,Cristina,Lara,alejandrosilvia@example.net
953,Noelia,Canales,patriciamontez@example.net
954,Indira,Juárez,gloriavela@example.org
955,David,Batista,sara58@example.com
956,Amador,Cedillo,rodriguezzeferino@example.org
957,Bernabé,Olivera,brisenoluis@example.com
958,Diego,Ybarra,tmoya@example.com
959,Elvia,Tejeda,riveroraquel@example.org
960,Aurelio,Rocha,resendezhoracio@example.net
961,Trinidad,Rivero,ogomez@example.org
962,Sergio,Holguín,julio-cesar25@example.com
963,María Elena,Saavedra,barraganmartin@example.org
964,Jerónimo,Roque,sde-la-rosa@example.com
965,Salma,Velasco,nancycandelaria@example.com
966,Bernabé,Melgar,madridoscar@example.com
967,Karla,Villanueva,ngriego@example.org
968,Pascual,Covarrubias,eolivo@example.com
969,Emilio,Villareal,kpuga@example.com
970,Pamela,Gracia,wilfridobernal@example.net
971,Renato,Ruiz,villarrealruben@example.com
972,Irma,Vaca,raeldiana@example.com
973,Leticia,Barrios,ybarrajuan@example.com
974,Miguel Ángel,Ballesteros,gamboaclara@example.net
975,Teresa,Abrego,virginiacordova@example.com
976,Óscar,Lovato,cvelez@example.org
977,Emiliano,Mateo,rebeca46@example.net
978,Jaime,Burgos,segoviakarina@example.org
979,Guadalupe,Bañuelos,paulina00@example.net
980,Rafaél,Muñoz,lermaalta-gracia@example.org
981,Magdalena,Villanueva,tmatias@example.com
982,Leticia,Olivárez,ntrejo@example.net
983,Débora,Roldán,elenavaca@example.com
984,Jorge Luis,Perales,gracielacastillo@example.org
985,Adalberto,Becerra,colonmicaela@example.net
986,Marco Antonio,Chacón,chapatomas@example.com
987,María Eugenia,Zayas,dduenas@example.net
988,Luz,Urías,wolivo@example.org
989,Eduardo,Pineda,velezmodesto@example.net
990,Eva,Sánchez,lilia89@example.com
991,Aldo,Archuleta,hnegrete@example.net
992,Mauricio,Bétancourt,olivialemus@example.com
993,Noemí,Berríos,guillenmariana@example.net
994,Wilfrido,Bernal,sara05@example.net
995,Adalberto,Rodarte,esepulveda@example.net
996,Isabel,Pérez,guadalupe42@example.org
997,Rubén,Maestas,anel79@example.org
998,Renato,Ávalos,sofia04@example.com
999,Armando,Castro,ledesmaflavio@example.org
1000,Sergio,León,francisco01@example.net
